{"cameraMode":{"drawMode":0,"name":"Shaded","section":"Shading Mode"},"sceneLighting":false,"audioPlay":false,"sceneViewState":{"showFog":true,"showMaterialUpdate":false,"showSkybox":false,"showFlares":true,"showImageEffects":true,"showParticleSystems":true},"in2DMode":false,"pivot":{"x":-2.4685657024383547,"y":0.1535469889640808,"z":0.4152989387512207},"rotation":{"x":-0.01896543987095356,"y":0.9756207466125488,"z":-0.1975748986005783,"w":-0.09365231543779373},"size":0.5208390951156616,"orthographic":false}