{"cameraMode":{"drawMode":0,"name":"Shaded","section":"Shading Mode"},"sceneLighting":false,"audioPlay":false,"sceneViewState":{"showFog":true,"showMaterialUpdate":false,"showSkybox":false,"showFlares":true,"showImageEffects":true,"showParticleSystems":true},"in2DMode":false,"pivot":{"x":-0.1942692995071411,"y":0.19239182770252229,"z":-0.028040297329425813},"rotation":{"x":-0.01896543987095356,"y":0.9756207466125488,"z":-0.1975748986005783,"w":-0.09365231543779373},"size":0.07639488577842713,"orthographic":false}