{"cameraMode":{"drawMode":0,"name":"Shaded","section":"Shading Mode"},"sceneLighting":false,"audioPlay":false,"sceneViewState":{"showFog":true,"showMaterialUpdate":false,"showSkybox":false,"showFlares":true,"showImageEffects":true,"showParticleSystems":true},"in2DMode":false,"pivot":{"x":-0.19795525074005128,"y":0.3320291042327881,"z":0.1294863224029541},"rotation":{"x":-0.14652058482170106,"y":0.852133572101593,"z":-0.3283658027648926,"w":-0.3802320063114166},"size":0.8660253882408142,"orthographic":false}