{"cameraMode":{"drawMode":0,"name":"Shaded","section":"Shading Mode"},"sceneLighting":true,"audioPlay":false,"sceneViewState":{"showFog":true,"showMaterialUpdate":false,"showSkybox":true,"showFlares":true,"showImageEffects":true,"showParticleSystems":true},"in2DMode":false,"pivot":{"x":4.729034423828125,"y":3.4938220977783205,"z":-167.8409423828125},"rotation":{"x":-0.0026900512166321279,"y":0.014994797296822071,"z":0.00004033772711409256,"w":0.9998841285705566},"size":-78.16971588134766,"orthographic":false}