{"cameraMode":{"drawMode":0,"name":"Shaded","section":"Shading Mode"},"sceneLighting":true,"audioPlay":false,"sceneViewState":{"showFog":true,"showMaterialUpdate":false,"showSkybox":true,"showFlares":true,"showImageEffects":true,"showParticleSystems":true},"in2DMode":false,"pivot":{"x":0.6967124938964844,"y":-5.435838222503662,"z":-21.694149017333986},"rotation":{"x":0.04917167127132416,"y":-0.9406958818435669,"z":0.15548866987228394,"w":0.29748883843421938},"size":10.0,"orthographic":false}