{"cameraMode":{"drawMode":0,"name":"Shaded","section":"Shading Mode"},"sceneLighting":false,"audioPlay":false,"sceneViewState":{"showFog":true,"showMaterialUpdate":false,"showSkybox":false,"showFlares":true,"showImageEffects":true,"showParticleSystems":true},"in2DMode":false,"pivot":{"x":260.2099914550781,"y":225.69998168945313,"z":0.0},"rotation":{"x":0.012298502959311009,"y":0.04197990521788597,"z":-0.0005168209318071604,"w":0.9990438222885132},"size":43.601280212402347,"orthographic":false}